QDhuUWBSZ1RlYW0gSUQrI3BbJVlY,MVI9bCUkRzI0NzR6MnYubmU=,fT57Umg2dE9TSktCfGd6SA==,PCtIZmAjd1dpbmRvd3NkZU87endO
eHlkXmwrV0ZvciBtYXplMDAuanBnP3xPN3J8aA==,JypENGZAajEwMEskcGooZj4=
RmY3TWglMDckSTdjLHNG,MSEqYSIkUDNUKHpLL306,dntgZ09caDEwOi8/eTEmUA==,MmlQPUFPKDEwTVUhfFdCZw==,eiNAJyJwKTZyXFZvWWxQ,MW5sbTVfSzNpcmNNcGhP,c20lc2pCOjEwNk9JKFVTIQ==,SXhBLVJBPzZTU3pqcGQp,fT9BIWoyTDNEWSsiRmwx,KFpLJzV+PjZtfFgueVwr
NHhMaG5xeTEqXis0Z2cn,cjtcSmdcVDEyNixsVFJ6Ug==,ZEVrZiJBXjNwY1J+VS9A,OHU4VC4uZDEwflB+dFIscA==,WmxPUXNRNDEyUXIxeFAhLA==,R0JtfU89aTU4M3srK104,ISwkeUFMQTdMT0dRWTBJ,K1VaUWJFUjl3cD5sYXNN,WU0lPj8xWzEyQEJGZWI9Xg==,WypOSnBTQTU8VSVoSGV5
aHhZfVQ8LjFrNUQmSExC,TWM3OVo8OTE0Ric2WSh+Ig==,fTxQOSJZMTk5VXg0I2Rn,TEV3eEpwOzZJanx+NTkh,eExYTzs+RjdBITFMe25H,S0dUOS12OjVcY2FFT1Vr,cnJCe3plazlzaEIvYF1i,aSpEWC00bTEwVURDSX0raA==,P0hCVDM2WzZNKSknJyk0,XXk6fFN8SjVwSXZaN1Fr
MHFreV8vZjUvPntqQE5O,X0JtbmdVTjNNNTBxVnNt,bzJoXDFlaTZdKWkmXiF5,Zl5idzRMJzUoOF1fRmh0,RV52KGMvVDU7eSRsO0JS,YiN3T3s2bTlwQVNbKlMp,bFJsKHouYzY1VTl7UmJe,YDJ8V2RKKzNRfngwQD5k,a1NrVU8uXDEyPD07aWY3YQ==,NnAsNnssVTU9ZC9CJFYj
eHkhUno/ITVVN3syRWVS,MTk4YUNrJzVVR3lbVSFh,PHRwfUkxNzlbZCFUZiEs,cXRNZyk/cTEyLjgucVs+OA==,b2NYZzghYDFKUCUvOUps,Nj9qd2smcDE0Ql1aYDBfMA==,Z1t+biRzWTk/cy9PM2Vw,Q1VWUy4vOjRmPV0uW0dn,Rkd+cVhkSDNQY0omLF1v,JyRsTyMqLDRbe0NiendV
LjNCOj00ZzVgbj8xTHJu,X0EwNURyKDkkX0FBdCRF,ZztBUX56ZTZoclQ7XV47,VGMhY34+SDcmbmNoIixc,QGZCUzdIMDFFc1dPQzY8,KytsPGtkMzEwTEJ2MjY5SA==,Ji1canVpVDEwNXI3QDoiNA==,fU9MZ15tYjEyTC80VmB9Yw==,ZGZAK34obTU5UlFNdHJn,UHkwUm1mLjEzZC5hP0BMOw==
ZCpbMTg6ODlLN1lnQ296,LmhQMlhKTDZ0T2QiPEFf,NSxNfCI6JzUiMyJkMkUz,SC1aPktoVzE2Si4pXCg2,fGEycTFvQjhOQ1BWbSp6,NEh0dmc1djEweT17Umx0KA==,aX1TNCJKJTEwdS5CMyZcdQ==,Nmp4ckJeRTE0fSYuRjJ2Rg==,O1pzY01nNDlcYmQyYkM8,eyVcQH1kJTZSQEoxQn5q
eDJJdkNPJjdcJmNGM0Z2,L3FRQDcwLzV6UC43cF5h,QmhGJmQpdDVXOT1sZ3lt,OngvKChGZjlXWlVgLSxL,ZGxAPGddOzYkIkBqSjEn,bHRVPCRmXjNfPEw/V3xd,LWphRiJjTzY1TWstT3Rz,Wy09WXlMPTM9Um51a0pd,bXY/QC03PTYwISskWDEp,QVQ6ODJwYTVefVB8aUBZ
M2BoNU57WzV7Z15HcDVV,RyJUM1IvLTVlLnR7Rm9w,aWlsZlFmaTlGWis7PGFo,QGY1OEh3bDE0bzNRfkVYJA==,S2M+dEVJbjEzail9VyxwPg==,cmNtcW9EdzU4UEAjXWQ4,NFpYbCF2NzlScHNGLzIm,dls0Zlc2QjEyJDs1dU5zIQ==,bHZCVjRMIjVid1RLOE1X,bWw8eld+ZDVBPUwmKDc7
JChqXCJycTlrWGUvX2JE,Kj0oZnVHOzhMdzBdblF2,LWVpZ1deNTEwUC9Ua2YzIw==,N2x2Ql1vJTEwVjVWaUUrLg==,PX0qXndoLjEwdiZXZVVHOQ==,OntWXTU8bTEyTnZzcWgvUQ==,WFVRO3M+ODExYixFdl9MRg==,Wzo3LWVoNTEwPjZJNVoiRA==,ZVRFITB2fDhsK0JfJn51,KWwlIjhqSTEyfiR6R18xJQ==
QiQ+PShBQUZvciBtYXplMDEuanBnWERFdyFkQg==,Q09tQTlmUTEwMEhGPTkpdFQ=
dlE6fSw4WzdvPGxvQlBe,bXg5KHRcJDExPy5uU05+cg==,JkpIc056QzJ1R0pxcn5u,Jzc/Lmx5SjJFU20/XXhV,YTkmcV8kYDZAZnA0RC8m,YngvPiRnWTduRmFfeCVZ,QzsqZVhldTMoI3R5S30z,Pj1Ie00hfTE0LVNZc2FwNg==,TScjSmVudDc/Ry90LjBw,Wis9QUYuXjdQYy4sOlAi
LyZXYyI2aTk3fFlDbVZT,bmJfcUBSUzEwK3hkZG4nRA==,XT5SKi9+LzRWXXZxQzwo,J358dkMhVzEzNSlCM3k4Qw==,K0AxYFVVZzEzXDlOW2Q0Lg==,eTYue1MuWDlEPH4kSF06,LGF5UlFGJzBcIkZ0Vydq,b3c5SnI7NjEwbmxoP2ovbg==,X1wlK25EOzBGNEVrRloy,TjVFVVktNDQtJ0UhRiND
NGVEfipEITNxKkRLMHlN,Ul5lImxyTTE0M1NfZDhhMQ==,OX5YQTxwTDFNbFYmIV49,I1ZoKmNJWzJEW0pdfE0z,MDVfRilxJTE0NT9FLCV1Ww==,dEBFbWlHVjExYmBsb3AlYg==,OTgiMVtBSzAuZVlkSkpV,ajsiJWNoSzE0fWQ5JUc+Uw==,PVUrSlh1PzEzLF4nZWQvPg==,XmE3TVNLbTEzfH19dT57aA==
WCh6UiROUDFGJ3I3Myx1,bVAmL15fNzJzcmosTlgw,KzJpfX58RjEyMGs1azpgOA==,dlxBcSVHYTEzW3RUTmIjOg==,RX1zMi0sRzExVCVBLEdsRw==,M3VGWilwMDJ4eDhzcmJu,aTg0ZFw1VTEyRFkkbSZpLw==,OzQ1PCtOOzdjJ1QxbEdm,bGlJeUtrfTdxL3BpMnIv,L1kuPXBsdTdFbEs0Jm4r
SCs7b2w6UzVRQ086WXsr,MVVdMSomVTEzKi1pIVQy,ayp6QnVsezE0UEdsW0wwfg==,N0hnc2g9bDdrL2IlKW82,S2NeKmpoKjM5Slhgazxd,KUE7KkldVjgtL1gxeE1F,XlxqJ0YhejEwW3hIaGwzKw==,YyllUTpoSDhGMUNDejpr,fm8kM1leLjgmdUBtYSUu,dSR8e14lNTQxfFlaLzZF
dHglSi0wRTVXJGFZUUp4,T1lxXWZwLDEzdHRRJEhjYA==,Pl19Ml1yKzd+MHNWVS43,X3diR1wxaTF6VS9LR15E,YFtjcSU0NjEyQDxvLkZNPQ==,THVkNXglbzNzeVdHbDM7,TUBGQWFELzEwM1lBIjJyVA==,cjYoRFc4IjE0W1EvaXIiWg==,UGkqTnc1aTExS0lIW3t0Rw==,WHtYaCNLUjEyOXFNR3MoeQ==
NWJsMFZ3IjVofj9qUiFB,S1xZKihKTjdYY2A6LCli,bSFPbmNWOzF2bkhhR0R9,JWQtTlw4WjhNMjVBU3oh,N1cmXz42MTI3PkwjRG9E,QnY2ITk8dDhpVzRDIiw+,LWNJYnMpJDJ0XFtycFdD,Z0p9KXw+NjE0dW5ENG5bMg==,WFBEbVZTbTdNY2ovW3FD,PyZIRCh+LjdQVl1tRUJe
W2pbIj8zWTlPIkhlb19B,aiJ+fHNVfThWU2l9J3xR,V35rLSpzJTRJbF8wRUgp,LHFTZmE9RDc2XnNqaHgj,UV85YGJJYzEze0JkYWpPcA==,eV81PDQvUTdjYDpTX2B4,JmAmQHRCMTEzJmRCVnokcw==,QSRBRSRoMTd7OEl8UXpn,cnBAS0VhSTFGRnRBdl9h,OTJUSyRUcTEyeFc5LCVDWQ==
eC9wWD9IZTExdiRhKy9nRQ==,cXQqcjh4ODYsJll3MiEl,MV0vOyVUaDFHKycqNCpV,elREeHZ4aDhVXURSe3ZO,VSNXYjI9TzEwN3FQdjlRaA==,V1IqSmxDPTBfVUd7LzRw,O3J4OXtTbDJkXjheM3lS,R0FybVVPPzByPUo5O2Ev,YllLJzVNKDh4aXlga1tW,IUJUJypQIzE0SkVrezx9TA==
REIkWVktLjExN1x6PkQnZg==,Y1VgPi45JDhFO2R2M3Na,aXg8dDJVXjg8TDtEVENi,aG1IdlpGRDEwYi0tNz8yWA==,fUV0S2s9NDE0MGgmfCxqQg==,aXZ3ZkNzSDEzbDxydkM4PA==,RWVlNS88bjEzRXQtVHdfJA==,KV5uaXVGLTk9eXMjWT4q,MXs4ZGlIdjEwTXVbTGRoVA==,Yzd2eE5wLTE0Km8qazdLPA==
dGVxdjcsUUZvciBtYXplMDIuanBnbDVUZy9oVA==,QzFvRi5acjEwMFk4ejFAXzc=
RTc1RC0jejdfc306VzNt,P1E+UVV2MzdDK2B2I2Vq,TWR8NnshcjExRCc9OTssJw==,UHUzQ1c7SDZSLWJsSkIh,YlBETVBVXDNEUTR7QlMo,ZC9vKV5xQzEwfG1AajdFTw==,SiEmMVovYzZXMEQjZGNR,TyEzJnNXWTc2NTRXNTtS,PXlgL3s+TDM3YEU5OEVI,W2E6IXJqNTE0O2Fpb24kUw==
MVNbPW82VTVUIm9jOFZ2,TX1bSWc1PzVrIltSTG1A,I0t6MDJAZDExYlxUYSpoTw==,QC10fX4pIThKWmx1WHlJ,QX13ciJTcTBPcGJDVUc7,XydQJkQkcjE0fjB4UlVVfA==,LzpcIXp1JzlQSlV6QDRk,dW1SUE1cMzhqIyg9WnZl,ZCVNLHleNDAuIWRYViUp,IXI+Xlh2XjE0aERYIUMjRA==
eUxVYGEmQTFlYygqYD05,OUVyLDVxMTAnXC5JdyMo,Y35XWEpbfTEwaSQtJ1wndQ==,bnU9e2VfRzE0cDhaaj9Ibg==,RzUpXj5WNjEzTlYnQFJDdg==,VyhBNCZ7UzExWntVN3QtQw==,VTosOVgiJTZ1RWs1Tl1f,LzxqfkZTQTNGenZXfEE4,STIieFVSTThydEMpc3lw,bkVJeDoyejE0Kl1Gd2t9Xg==
eXg6KTksSTEzR24wIXVINw==,WyJBbHEuOjU/Rj9acX1J,JT87d2pRNDExVjQuaVIvLQ==,azcnandcUzJ0LmtDc1Fg,IjtNd1pGUzE0V01WWUBrTw==,XVs8RTExITN4SUl+Mi97,az9obTJYPzhOVkAoa1xr,diEsPUsrQTBgLXBWK0tX,RW9lOHlndjEwOTBnV0JQeg==,NkFGNDtOZDZMKSkmN3gp
cXxOZ0txRDMxOjxWVCIx,cmR+Nm9LKDAzLmdMKXNU,Wk1XMi1vcDJ0YFt4NyYy,WmYoMWYzKThcXU1rZCNx,ZkM7WSVxdzJZUjdUeDdn,bGF9XlE1bzEycFAvJ3poKQ==,ZnxfWil6WzExYEFsLVpRcQ==,P0YqZ3UoNjBaVD9vdkYq,ZFd4S0dWfDE0XjNwPUs5eg==,YV5gcFNRXzEzcERbVnsjdw==
OSd8XGNuJzV8Uj1Cd1o9,WU1RMy8hezVsdn0ia05e,IisyJ3QyYTV3XEV1XTA5,RilccXA6SjExdSR4aUF3Ow==,TkNkX1lPTDhJKUk0W3Iy,dm5xLyR3SDE0LlwkKW41NA==,dyZDO2hhKTExVnpMWWEhVg==,MT5gRkJYVDR0YG5EKmUo,LVJoS0ooYzN8eW1GbWpp,RC4+VFpPeDE0Xkt6Mzp7OQ==
X3x5c01FOjVZPElEMnhr,byR8MDhnODVvOFoxWlVp,V0t3c2VuKTVrLj1rNVY/,bXt6eyllLzExXkpRbCNvWw==,OUpXRiFBIzEwR0JiYUlQYQ==,Z35YSTtiOjInWTt8Jkd3,bHxLZEhlRzJkWlwiQCd+,dW50OiVYRThCYVUvbClU,W1JLWGFcajgnU2M0I0xN,VksiQUtcNTZ6QmdMV3Iz
Y0lnaV8rNTV7e29mQ3U+,ayYxeFNnIzEzUypEQDd9bQ==,Xy1lbXprSTFnKzgsYERk,Izp9PndiVTYhW2FPNGx3,cnlLcWxzajExYVkxQ2JxZw==,KkU2QUhOczEyNzw2WDc1Pg==,WHRTUT5+fDEieCZheyot,aSdAJiZmdDZdQ01kaWJn,UTghTFZNIzNiJUwnPDRo,RkwyeEY/ejEyU31EWj5DNA==
ZncxT1UzWDEiXUBtdEtG,OVpMdXROOTZ4OzMhbWZ8,UiVyRTtpKzEzMkk6OjBBLw==,Ln4sInx8TTU6RilleEJ3,L1FrazsqNDNqQlwjZk0s,OD9xTCcqYjEwfUxhWn03aw==,NjdRSltVYzRtUERCcU9w,QXJPUS9SRzVnQFdjLSFy,eVJVXyJmZzFpZTpBUTJv,Nmp8aWQvIzZLfD5sQXZb
UDR0YC1ibDEzKWVfOGMrbg==,IzNefCdnRDk6ZFJLRyI7,eXkxeylZNjE0dmk4SCxzPQ==,VXMzInNFbTEzS20mIX15Ow==,K2hfI3RHLzEzQEI9Z1hdTQ==,X0c7e1VcMTExb0NaeG9OVw==,UmJjTnxNbzEySG1kUScoUw==,MicqVE92TjEzZ31oS0lYTQ==,WiRuTktOLTEzfWtpIilJaA==,L3JrMDtfMzEzJHcmXzlNOg==
X1hbUmZZZ0ZvciBtYXplMDMuanBnIz5sKC1cVg==,IiIwWW9WQzEwMHg1cWduZ3E=
a0MsPVh4JzcnXypzJnp6,ZFBwUSlBazExPnM5SDlldQ==,LVEubT1jTDI6eytddXw7,dVooSU8oMjE0PzExc0F0ew==,fDA2ckEnTDMrJFEqXGFO,SD0lSjcrdjE0ZTh6d2wiNg==,WUI/UyQvcjMuVUcpb3d7,eH4ian5KYzJNImVHTCFl,JSYmK15JLzJgLDR6fE81,LylHMFVpNDZ2NWVbSEMj
XlpmUE85RzVGP0dPSmw5,WnI0VU49XzExXGU9LE4ucQ==,PyxDVTJQLzA4V1JbWkhg,elx8MkE3QzJaJkB2flUz,PDU0JGtkWDg3T1QuVm9o,X1M1bFFpLTI6SDRtRz84,QXZBKS8weDQwJWstfDVu,U3RxXlxkOjEzZnlJSFw9QA==,I3AyIydIPjEzLldNcE9UcQ==,e3lhc1dHMzVrPDc9YUMu
RUEoRj5HXDE/W1hNXi1p,QEF7Sy8lQjEwbVMoOX13KA==,cEM5Ml5qbDEybWd6N1FpSg==,fVNAXGg8UDEzUkt0cFdJYQ==,PHV+SXd0YjExYnwseihcRg==,Uj50ajpuLzEyVWw1ajkzdw==,KC06QDZwJTkhfDVTZiZW,QEM9ISsyVzItY2dYX1Zr,ekB1R1ZsbTE0TlUvP2BWKg==,eyZ2ISlWaTUsOnU4Ml1s
eCN3LllYQjEzW1pRRl59eg==,RSdQW1JvIzExPn0rfVReVQ==,OiFyXG8qdzY9SG09VlJE,SHQ+eG9eMDNndj0xRlVK,XCc7XFovTjJuI0ByQ0w1,OXc5TyQ3IjEwcSdyJzt6fQ==,JEsvITg6NDEwSCRlckcsNw==,elQiQ08mQTBbUXpSW1k8,UTwyLXQrPjE0TTVBUG9jLw==,JjU3aSJGLTVaWV0mNmQv
M00yb3MoVjN2c2BbXmdU,bGxCNkM+dDEwQisvR1hdKg==,J0N8OyZYcDhGJkh5XiFe,YGMuVFojSzRoVHgraF9O,R01ubj85UjEzOUJnRGpjMQ==,VVN8W0xlTjNdOWc7U0V1,MCpiJ2VvIzEwInFFbGdkUA==,fmpJKSJVdzBNNTIjIWY2,SURfQTUtdDE0L0MkbllndA==,Uk0uK15PfTVpOX1zOElS
R1srLEItPzEzZjhzUDlTUw==,MHxVUFNhNTExQW93cThZOw==,NUlOUUxoVTEwQGs2LWNfeg==,I0wxPGNnJTReJnEiUStx,LiRffiF2ZTMjZ3ZaQmcu,ITtkPXtBYzEyWDJ6Q2VRMw==,KWVyPTRRPzExeHl4PjFlRQ==,J2BFZXYxLjBRL0xwQDcs,QD40VykwXzE0UmsvVUdCLA==,LFpJOCF2QTUtMWpBJUQx
VCJQZHNRJjExPFE0MkF5Jg==,WzFaVSp4cTEwUDckZ2k0IQ==,RWY7eitxajInL1dFMSVm,a1Q9ZkU2YzQvMUtoc0wt,QEteKjxTYzU8NkFdeEk+,bW1UeS93TjdJOVg2fEtT,TCFhVEFCVDd0RTROVkxZ,LX1RcHNnQjErOjE6LFNa,ZC9AfVNeJDZPW3pOPUou,eU44SV4tMTEzcTJ9UGxYWg==
Sjd+YkRKWzNWL294WHAr,Q05wRWFCaDJLcEFhOmVP,NSxpS01yLjRPT016R1Z+,LUchW1tWVDEzSVBKIUx7Qw==,UGRBfUlpezEzLzotKnhfYA==,cl5QPCdhVTFwVFtEUD9J,ZSJRKEhNODBHOG1lazF1,LCtgQCJ8ZTRXWEpwSHZw,MDV3aj9fWzlAfmdmKTQ9,V3EqJG9ERTZzTTxZXm1u
PSpzKnVRcjEzT3VUTXRuNg==,Wktpd3V4RDVMUl4rQj88,WX4zUzhXYDEzZ3ZhSC5qVg==,T2djJk1EdzExRFg8Oi5FYg==,QjdgISlnVjEwMTF+fWc5Yw==,aUo8VzcycTEyTnZXZy4oTQ==,JTpzbE0wbjVSUDJAS3hX,WFMxNSl4dDVoeDcpKU8p,N3M3Tk8nXDExPTZgKEkhKg==,Vm5gaVNdMjRUSmtpNWFu
XG8uSSg8ITExdGJIPz9Paw==,JWZ4fWNYfTEySiUpN3l9NQ==,dEFISWlLbjExRyhiSDA3aQ==,SComPHwkfTEwa0o7OFRUIQ==,UTBMKDtZRDEwLG1nRWEsdg==,ZCNBa0VlITEwaU1tcVs3NA==,aCgyPmo8ZDEyeHViSmx0cQ==,VFwzKCRYTTEza0lEWDFiRg==,JkJRSjY3LzExKlZZLzhTfA==,I2JFSmBsITEyQFpRIW5Mcw==
ajxeV2M4NkZvciBtYXplMDQuanBnOXtgNEIjRw==,OihILlh3IjEwMDJAc2wrLVo=
UUQ8VSJ+ODcyenpyJ0lm,ajJ+bmcxVjExL1goK3gzKg==,fidAN0hpWDJ2PX5CLWFb,YXUrR2o2TjEwPW9jQFNTPQ==,MSdWPmpSODEwZkEpenZIMQ==,NyZUL2U0UjEwSSxAJ2dWKg==,JzxCQ3MnXjY2Z2BaL1ls,bSt3SWY7KjM7I19UPypO,fG5ac0BjZjE0KFM7Py54Kg==,djMlUyQ3MzdtbE4jfVhQ
YzBGZ11edTVGJjsqUkRT,JFB7SX5RYTdfZUFOQUJ+,bkZOVWtVMTEzYSo3PVImbw==,XUdoWUtnRTdHeyRTLXBQ,a2xvYzhdNTdSayl+Vmxv,aT93cDplTDExeUM1dHQ6JA==,ITh5diImKDBsOXcjWS1Y,K29QOUcwVTQpXUQ8dHkn,XnclRSpWWjN+eT4vWzJz,TWNxWFxVcTEydSZzdzVWMg==
bW0ve3psWzFfLV1LUzcm,TXleeUMoVzEyN1xVKWxmZA==,eWx0KiFHbzc8dmFTNDBK,JEFPTVhYczl4LlZsOUtj,TGpeU25nLjRUJHB7VT93,SF50ZTRZeTckQTRXWT4+,azdkWGZLazEzMDFOTixUYQ==,LmZ0ZU8sOTU7ODl6Z1xF,ZGhAL1QjbDFVJF84MDNr,PHIjN3VLbTE0KFx2Z3Y2Jw==
R2pGSDhGMDF5RnpROl01,UGk4VT4rIzE0Xm1PSUg+dg==,MT1iWzE+SDF5NT83KVVY,ZkdnSERHRjZjMj5UUHVv,ITRKZGBPRzF6Nzw5RWVY,Z05zTkJMSTQuZk1jdUUi,ckkwT0E5KjdjOnlCISJb,OTJRdyspYDUlOnxYW2Q+,W0t1PFMzTjV2QUFMIUQr,SXskUyp3JzdhaCI8UCE4
fFxGLElYSjFnOn4vN3Ao,MW8ld2ZudTE0IVFQNDx1cg==,L1Ezezg6LDEzYkp6RGtQWA==,XXJ8ZWt8ZTU2QUNEYHhD,Jj4xOGh1djEzeH5BRC5AXA==,ZCRuMV8xZzl2RTBgKGlI,VW9eLXs/ITA+NlEjdENR,W31POz5MYzhFKnNoTlto,Nlpce09fJjhkVkpzbiwj,aCorKkpPOjEycmMqYiQhew==
ZmhoTGNRQzljO3N+YnRJ,e2AwYXY+TzEwbSJ6Sz86XQ==,dGVdXHhFTzZ7O2pJWn5b,OSRBemBofDl5WW5YYHBm,XS1XMkYwOTEwNzYqQGh3ew==,fTh5K3FXLjJ8OVBERl4+,KDNOPnxOPThYYWcieVxO,VWc+emRpUTJDWkEmemhn,XmJcK2Q1JjEwbzxMIn1HQQ==,WWZVWiJ6ODE0OlhBLU4nbw==
dThbay4jWTc5fVphNUBM,ZylLP0BGZTNFZzJPaHwu,cGxNMyFwKTRAZGM5JWk6,N2stTmBoWTdIN31rRSJm,W1VgYjU5dzExelsxQzZ0WA==,JWAqZ3JdMzEyQ2Bfb0dSNA==,U0U2fUg3UjdCTlBLRHZA,YiVNLFxUYTFgTkdhSF0s,eV1xeDR8TzEwJE9LNlRZVQ==,XG95Sz1RZjE0SFhKLSl6ag==
biUsRiheOzkqeGZ5fTcx,Rip3UkRXaDRNUURJNkdH,RWZqYHMwWDEzKyZeUFlCRw==,dXJFYCt6cjlaODJTWyl6,SGwpbDl7WDEwREokJlJWXA==,PF1PP2h5TTJabFxFIVJK,UC1uIk87bjg2aV09LSUr,dkVwJDtlQTBQRTs8Rm4w,IltXWilDdDJtMyhnQjUx,SzReIV9lTzE0XW12UVxxYA==
UiQ4YUd5cDN0XCVoaklE,X2VGfkdoZjBqdWN8VnZ1,OCEoLyJpUTEwNiEvQDohJQ==,WmheS2VBQDZ2Tz96PHcu,d1xkTUc0eDExTC8kV0k5bQ==,S1x8WGMlMzQ9TG4kUScm,dnQ3J1E4QzExazpwVl5eQg==,RTQjalgwTDEyMyJEdU9kWg==,eTMqWFV8XDE7czhGTFhE,Snh6aDd2TTE0MjN8JXJ7cA==
fjl3fScsRjEzOVQtamAmNQ==,Tn1RNUlnUDEzayIsenN8Og==,S0ZreGdFbjExPGwwajVLKg==,I2QkQj1WWTg6fUxoVFl6,ZmlLMndQTDEwPF5ibkk4Tg==,Rmk2YGlzOjhmNWtzWz50,MlJvR3FRXzEwUEkpMyFERQ==,fUQ9emVwNTE0S2tyaWU8ZA==,YEQnOEAvdjlzdENSOVs+,SDFDKGp1IjE0bjk6NWwkeg==
QG9PeFxndEZvciBtYXplMDUuanBnPEIqajxgaA==,QW44ZGtPLDEwMDxUTkA2R3k=
fko3czdfVjdaUWVZNXI0,d0kwWHonKDNaLHE8eyR+,SmNcVkpEJDEwIVl+clxpKg==,Z1BqYG4kajE0OEVzIiVZag==,aH5ZNTNbTjNuczNMO1ph,VStpL1VfLjIpcmF5J2Ik,XSpYOkA3NTEwXmhJO2svRw==,KCEwZllAOzE0PSVFT3o1Xg==,N3dOKCErXDExdWcufWFwYQ==,emEqQlRNUTZLN2B2IzVk
P1o7c0llVTUuQSM2OT1+,MzItRmdDMTFMfE1LcHBv,Pyk4VnZ4fDE0O3QkKi1gdQ==,TCdiZXlpdjExTGFUNDU4Lw==,LFFVQ1JIOzR6MU5fN11W,KWN+JG9xQjlFNyk9VDQj,YCJdQzQhRjYrRWNNUjN9,R35rVT9iTjExOnpPUnhpKQ==,dXFUdlZ0XjEweXs1YXh6SA==,dTRnTExdbjQ3V3w3RnEl
OSpLJClnXTFRTUJSYzZD,SHZjeSFWMzBpfSZgbHko,b1tZYGY2TDJUfC07Km1H,Lyxncj0jVDE0dz5va3ZxMQ==,aDJWdUJjbDEzXjtxYzJyOQ==,RWVxJzIuJzExdEZpOS8yIg==,O1M9P3YtQTBjLyY0WzMi,Sycvan5jbzE0VGopLyVBMg==,ayVHSkt5djNmUlIkYyNa,V2R2d3wtbjEyTmJLazIpUQ==
L0kpKlxPOTVAaDtCfVBV,QjRlR10wMzEzSFc9K1N6Tg==,W2x7ZSkyXzl3SWtIRzVP,JztuWzE9XTIxKUtGJU5O,RVktIUohVDEwb1tPWUwkIQ==,Rmp+PD00NDEwKic0cDJLIQ==,RDBJfVc5NTRoQSptd0Uh,UHAiNkVeRTdqfV9vKS0n,WShAJFBjZzUkeF1BeHlR,KXB5P2ZjJzcnMTJ7JHto
IixxcEVKYjlfdl59VDAo,Zic4OU5KbDE0UGI4UFBFWQ==,d3VoS3hYdDExX248diVZLg==,NlRra3UzUTEydjgsaz1qQw==,dyg8SHFEYzMuZl1kakR7,RXxCQG0wdjEwK25rP0BEMA==,dns5TzpebTg3JzNkRjMy,TicrRSY7ZDAnTVtvemRh,Okl5ZSVoRjg7WyM4Sllt,TTd6ayo4JjEyJWdUNUc1Ww==
VVI4JC5YVzExbilbUFN7Yw==,bkgsT3JcNjZ0a0xPYilT,XCZIUmYhMjExSXBtLDNdYA==,UDRpeGFHYTEwK1JzUDd4cg==,fGxXMV45VDEybDwtMzBMOg==,MTdjalhGeDd+Kj1WY1hE,VVFJVj5WKzExbU8qUnYhWg==,Jmt5Ikw0XjRRSClEeCM1,LG4/Yno2NDMidl1nOD5v,P15nOHZGbTE0Y0YsYEUxPA==
cUhlO01IMTExWyhLcGYmUw==,LGpibktdNjA2UnZHTTBR,L2c+VipHUTEwQFswXTBIQA==,I3pJJH1uPTEwZ1d7RylNKQ==,ZTdIXmVTcDZGWH5+YyFv,VldxM0J1JjFWZkkoW1hU,Ryg6aU9EWjJnZkFoWl8n,QHRaV3shNjBFYlptfkkl,IW1zNU4kIjBpUk9zfXZ8,QVVpQXUvOTE0V0pCd0l7Sg==
VmV5RFAmXzExbzBoJHx7JA==,bWwwSyJedjEyJldkXTBPKA==,SjU+V35ETDExWzs1flkhSQ==,XDpTYUEzfTJHJ3VKLT1w,VnFcdyladTBpYVkucyMo,UiEqPnYmdjRcYXo0OTtV,cXNNdGA7RjU8VSwhcVA1,eSIsQj4oLTEzNV5JO3QiOw==,XW96Vjw3ajl5VHdwJXoy,OEhSIUV5QTZFKW4iXjNH
R0sjNmJeQjExSj5nNTk0Ow==,J3ZVSH50bjEwajE8QHdKJg==,WjMrSnxoPDJcNn1uYWRE,OkpRQCk5bjRcWi8idC4/,Y3sqNX12VDEzMXJkP2R8Yw==,flU3aiIxezVRYyNyfCFl,MjxqJV02dDEiO05LIitw,WFZrUWo3NjJgcnJ9dVAo,Si8/a0MxYjY9WC4pdXYw,ZFMpPVd5LjVCOi96ZFpj
dDtkfSN1JDExayRgaDc6cA==,JnQqJjpkRTEwJVJcWVMyeA==,Z1RmMj16JTEyQDxCaSckXw==,I0Zse10vcjEzMzZWM2l4Yw==,c1MydnQvOjExKz1ZfVt+XA==,dX5uJDF3LDEyanREcik9WQ==,ZFJQb1N2SjEzNFVVZWExQQ==,KntaQj17OzEzemIzaV8pOQ==,KiR3NCJcRzEzdmFIV2c3WA==,Ry9+JzpuJjEzNzYzLWR4Ow==
dTFjI3g6YEZvciBtYXplMDYuanBnQGc6ZnZqfg==,WmBFMiozTjEwMFdzI3VSX0U=
Jm1dU0swMDdsOiR1eFou,SD93I0cwXTMqXlJUTk9L,PFo/Zl5+SjZeVW1+Ol0w,eD95USwuczNySSwwSzop,ZSIvYU1KKTZ4SWEjUX5e,ZDY2cEohUDM2ZnRCIW5B,eE8lUXd+czEwSjNeVlZELQ==,JV0/aiV8bzI2SC57ZVBr,I1xhc341UjEwZyVaL3U4Sg==,PFRxSkVTKzYpXClNZzla
P3FRLCFRWjEyfidGTSxP,UXYpS2wiZjEyMCNUc0dYMA==,K3RBVUdFYDlyU3h7OHw9,YjhcMEx6MzEyOXpNdTtmRg==,MEIoWVtVJjloMSVIeUBG,NitqSSk5YjEyPUcoUXxfSA==,V1UqYEk1QDM2RF93PTRp,ajBGNmtIUjEyYnYhSiM1RQ==,ZVNjLzJYNjcua0E0a0o+,fER6UFc7KDVER3pjeCU7
K25nRFp5Ujl8Vn1YKTNl,dHtrVnxuXDEwLXRta3NVRA==,L15Od3gicjEwU2hbYWJOYw==,PTU/ZjFLZzZoYCIjPVV1,RickK1sjZzdrTz1KM21t,RjwmazI0ejM8fSUsL3xx,Q0U0KUYmWjEyeGx5MEBbJQ==,bkYrWW48QDExcy8zalMvSw==,dSU9PVlsJTRuPm1DUWZj,cVI7SGArOTUyOFAsaSsr
OUNBPTFbPTMvWWtuLHRU,ej9dWXU/UTY4cz5WXXhh,OHw7Q00ocjNyXCxcKTZV,LktvUn1yOjEyQDBsRDwoaQ==,Kk9qJXI3JzU9MlkzM2E0,Smh6LG9eejlQeXA1LSF3,e1BwXlVIVjEwKSsteG41WA==,ey47KE9JTjZPXTNuOnNC,MVV1SmUsUzVjdy5YWSkp,REs/Q21rRzV9MCpKLyp+
VFx4S3wvQDVlYyp1UzhM,UW1bQHFnJTlRKSg7WGhn,UnlgSVloeDhaVz8jc1RF,S1U8fnh5LjE0RDxQajUqMA==,ZyJ4Qmd7djFTYV96fCUo,Ny15JlJFNDItNTVbYmpF,QUVPeXZFNzE0Iy1CSV9KYQ==,OkZvNDkjMzUiVUR2TSg3,TSlpIk1uSjFnSEhaczB1,Z21GWXEvXjEyNXdYd3tyKQ==
dF9HfjpcKTUzKS8zKU8q,cTxnZzAnMzExK2ljTDs3PQ==,elJ0Kyp6cjJtKiNZbWE5,QGspXT9QPDJFKV1TV2xZ,TUhJRyxDdDEyfD17JHAlIw==,bDIndnRPPjUmT2leVE8y,XUVNMHElUjM3VEdCQFY/,fkMhL1JzSjEyNDU9fS47SA==,TGo0RV0vWDVGWUk/Mjpy,K3RnTTpRSTdQLzRvbURu
MVQwZWMwPjkiKCh0cTpq,dmV9SiptcTZIYFpCfmlx,aEUuXFkjTDVDWyk2XCZm,cXAxQmRNZDU5LFM2KTtQ,dkckI1pFaDExJDdnSWxCeA==,JHtEMWxsfjQ5JEw+Jic5,fWguZFR6YjlxIzdUSUBm,Nnt5YDVxQzZRUkVCYH0m,WDRYOSVXOTkseUo2Zn1R,aTU+TVktKDRmXkZiRnhh
VStdSj1WVjNbdD9NM2Zq,VyVrXDpAWDEyMWMvOVxpTQ==,az4jOSQhVTEzTiZOJU0hTw==,NX5aNTQ5Vjk9QSFKTztb,S0lzOCp9JTZxYy4/OCZF,QytpN2tsWTl3ZjNNNHQx,LX00RmY/ITZVW2hMKjBG,dTV1PDtFcDVlQzJxbXEk,RXBATjJCTjczXjxPJjpz,VnYwQk5xJzVSK2QtSltK
e3d1WWc7PDV1XkVTImZk,L0A6XWhKJDNgJXoyd3Ru,Myl4WlFZOTEwYH0iMi4nSw==,MH5HeVZKJTZVRCxJUXJA,VXtJeUgibDUoOjFFKHZF,eT12czJkLDExLGRCSixYcQ==,aFttbik1cDEydz5dQ3pucQ==,OmtDdHtyVzV7V19vQi9l,QVFHZlw4OzVweUNQVGVE,bVM9WT5mcTVsfTc1JGNL
WFJAfl4nTzldOz43Yklf,YkErdz5mUTEyVS0uay09YA==,OEgwL1lGZzExMmlBKUI+Lg==,KXI3O3krKTg1KDhjcF87,J1A3NX5YJTEyRCteUmc8Yg==,X0g+SD5oMjExUEchOmxjUw==,YlVJNXtfOTEwQH01b1pQSw==,U15GXkFXUDEyRVt3MVZrPw==,OmlkWyhjLTkoQ1AqR1ch,aXEoeGJmXTEyfntrW3RNPQ==
fSNYXGJjcEZvciBtYXplMDcuanBncGByPUNoPw==,TmJlMGtDTTEwMDR3fiNoO2I=
PE9sTXVDQTNxQkRIIXI0,ODhZfmZlbjE0ZVs0PnNORg==,cENyV1dgNDNBIyRFUChf,SiMobDguSjEwMWl8YFQpQA==,KjpuakNVRTEwOl9UZ3U1Pg==,Nz5WQ2EpdDEwUG04TDdoMw==,dEFQMWZQQjEwbj48R1wuWA==,YlBGaT47ITI1PTQ4M2dq,Pyo2eyYrMDEwJF0mSkIsPQ==,MmgoLUcpWDY0XGlUMllV
eDl6SnVTeDV4NCcvfWsi,T1FZJHBCIjNyfHxXc1kq,MUAtQHpKMDEybj4qIX1TZA==,TzBWQG06RTExb0IoY3xMOA==,T1ZJa1srRTZNJy5HZFxG,QjQ8KzZ7eDNAcDRDa3M4,elIiPDhaYDYwfEpeMl45,eCxYfkxxOzEzWSpwSFB6fA==,RFpPJzhzczNnQn01Pz1v,S044VUQnXjRjYFA6bmVS
T3NkZVV+NTVwNy50NEk5,W0AjSlskUDlKdnBodmle,NVNBVzU0SjIwZlNIQG5Q,ZmB9V0oqNzEwVDVUSGZDag==,ZEAmSW40SDEybl1bQGYtZg==,TjIyN29DXzVTdFlbVTBn,XDJ8ZzxlPTlqai1HLENY,K1J7Qk8yVzYxQVRudztN,TlhdOXZRPjVBY0hES0RV,Z3NyJTdzaDEzOT9tXz11dA==
MT0jeyIqZDFuSTZ3Yzt0,Vm10WW4rLzE0eDtmdihBXQ==,NGxQcXhqZTUnWVNbeURK,Yil5e3gtKDNcVEBOVDB9,LWomfnwyKzYyW2Vyaj5B,P2ZSdk0hPjkmfXlKUTM+,fjA+YjJocDYyUSdyK2Yp,K15cMlRSRjUsfGEheVpi,diknUythWzksTiQ8MkpP,M0EnZldaTzZ4Oi1ycG5v
Oy0jM1t3XzlXel1kWWtC,R0xLXnleXzEwWUd8Q0VRUQ==,b3hXU1YteDEyMjUjJkUzVA==,bSNDRUddLDVveE0nTXha,dV13NTF7YDlWdT99Wj18,SFhRXWpuYTEwJnVmajNrIg==,ZTdgOlsnXDEyRHQmIjBRPw==,VFlWb2FffTVkPlBvRStd,eGZ6UEZ5JDNSNT56fFVi,UGYlKCRpSjEyOG9cVydYZQ==
RVYxRDFOMTNwTGw1MFVp,XkNHRURuVTEwNGItWXRFOA==,Y3cjK34+YDZhKS1yXkdJ,bEguO0sweDUoXXBxQ0VM,ZXE1P1cmLzdDYExsfFgw,XF52JjkiOTNCPSJKI288,cXhZYXJ7aDEwQ0B7X09ZWw==,XyJNdCUxUjEyLCQ8KHxzIw==,fTRwb1NwVzlnIX0wT1VM,Kl55K3JwMDZpUjJ3MTMo
KCUyQ0hANDU5PHw4LDUl,UDxbOUgqPDExX1I+XHYlSw==,UmozeiZeeThcT1NpQm81,O0FddTpgZDEyYSpaW1UjWw==,I251VFArdDU/d0BeOT01,RmQlfGFKVDU+KWhWd0ss,QmojKDpaYzNtYTU/J1R6,dG5aa3tyYjY6Kyw+JEQk,cXptQiV5ZzMwXyFSZFBL,dlZXNydLVTEyOkkxOTFPQg==
SnlBc3JwQDV0KTxsSlpo,YDs0ZnVteDc4NGZieyZ4,JXRDLWN9WTMsWyNWVH09,QiFdeDEofDEwNzpCXWJgSA==,S103bTQhOTRyZEc6Il8u,fUknIzgwMDVXPVw7UlJ9,U3hZJ2RPdDVXKUgrLUx2,fW8jPVNrMDV5JyVnfCdr,LGpaPSQ2UDlxIyh4Y206,PFVQW0khOjZAK1E8Om5D
SFM/Oz9lTzUjJG9EN11k,N1JrSEwhXDV0TVhPX3Ju,ays+JWtcRjl1LFRqL3sl,fGwjayE6QTZPOiRdJUkh,SlZ5YSlcaTU0UD9LeHxq,I1o6KllcfTk7UXorflJG,VnB0RFYqODEyXSdfTTpGNw==,KUAwSnskPjl0Qy1II1Q/,e19rUFM5ZDZqUjAkX2hb,d2kmczIrSTVKYitNSlBk
fkl4RHBAeDl0KG1ib1RS,Tl5DXmZQWTEyZXhNQGc2YQ==,bzJ2WlVIQzExNkQpOC1RQw==,Rik3WSxgVTEyRjJZM15nPw==,QS59R1VmMDlcMHZKWTI6,K1AtayU9JzEwZy1DaTZCJw==,J2h+bUtdQjEwd1hDJ3l+RQ==,ITlAK2plODEwSDBpSmZgbw==,WTVrV0twLTh6UzFIKWN7,N3ExaF15ezEyekVSUVJsVw==
KnQxcnByZkZvciBtYXplMDguanBnNjJvWGsmOw==,d3RIVnwzejEwMGkvXlQtZCQ=
bHchXSlyLjNFNjonJUpi,dEJES1tRQDJcNVA3PENK,Xi9SUGZOKDEwfV9LPGViTA==,JlNdLWh1cDEwSSZ4YmVHQQ==,PzpmcjBibDEwOUhmV3pgSw==,KXFGZTJiODEwXENoZXNYLw==,SjY5Sjg8MDZGX0xuY007,c19DOC0qYzExPmB0XGVlKw==,LTQ2YCRPRDJ6YWUyOEw9,UCluXEguejYvWSUjV1Ul
cWh+Ryk9TzVKWzJaKilr,d0okZm4kKTVcSVkxSFkt,PTExezMhSzM8SSxPUDJs,bjU5JU98MTEwOX57OCUqbg==,TVc2TSJlejEwdmI0S017dg==,JEMxQEknLDZ2cyx7aFxx,JSFvI1gqPTlXJj9UbkVM,WGQ/OGBvQDZNXHRFKFNi,VXx1RltcXjEzfXNwXFZTQQ==,PyVnbHIpVDU5UGJAM2Bq
Ky5HJDVMNjVRSk9aUzBz,YSVRZ00iIjk2Y352YXpy,VXRhWWdxLzglIXUyJDlL,N2FbVWV8eDEwRHhPJF44VA==,XzYvXXc5SDE0a2YoSVd6MQ==,US9rfk5JRTVXNG9aZVth,KXk/eWp4eTNdW0ExSFNE,WnBNeCw3XThZRSdfQ1ox,XF04RSliJDEwTGxyKXcqUg==,MnUwb2JJUjRaVTc7K1Rw
cmg5YGVwKDVSZi02bzdN,MF9iISs+OTN6I28ucCd6,VkB0ZnhiLzZuUDNbKm1u,WlowTUFKPDNqMVIvcCkh,NHd+I2ZTZDEwPyIsL00+Wg==,JV5OblEoLDEySyM4LTxvJA==,Om5TN2QhYjEzSj8sdzJVRw==,YjpwIUMpNDM3NjQpJDk3,LDFjMkw+dzZ8U0ojV20m,Q3IvWDEkUDEzc09xSFh0Jw==
IWU0VVpWTDlsPCN9Qjl0,ckcmXVx1UzEyVH5FKmFfbA==,J0tZZTNxYjU8VFdSW0Eh,dy5lTF9uIzlFRHpZZ1o6,MkplXyo2XDEwN2dyO01SZQ==,U0Z7ZT8wUjEwXTI9PXM+RA==,YXFxZUBrLjEwZXh5Syk2Sg==,Kj1UVDZhYTEyMCJCRUZASA==,KjpPSCNNMzlYIm95Mnh8,QGtUbStzTzZyLmJ+ekRc
WEdGZnxueDM/d2BMbVR3,QXlhazBxKjE0Yz91ekBaZQ==,LWk1YSRsLDl9eG5vXWdP,fW9DXFZjaTEwMDdiP0pdaQ==,ZGxpK3JpcjEwfUtWMUhPXg==,MVx1XEgvXDEwNktabz9ofA==,KC9vdDJ1OzJENlB2dkZo,N0QxVGZjRzE0JlhKYEA+eg==,OCZ3P2AqKDNuTjREK1BX,LT44U15dYzEyRic3VlI4Vg==
OkM6JF5TSTEuJHFUcHsh,YGtdTzxDTzZhQl1Xb3Zg,XyNWRkdtJDN+Zn1dTXk2,X2NDSTMteDEwfXAoelIxbA==,ZSVyfitEJzJdWiU/PH1l,LFJCcn0qezE0YERNJ3hkVg==,UmtTVGoyMTVxIzVpeUA3,ZSx0ZkxbLjNMO1IsUTVP,XmJOJiZINDEyI3J8WkR9Pg==,OFUxOn1YZzcsdFdmWE4q
KWR4bj4kPzVoQEE2YHdD,JHktSU9YTDladTVibSdt,ZVBHIzBTXzEyUzVhWzgzVg==,S1kqSzwndjcyWyMyb344,VW4vJXF4VzloRjNuSWxB,ci50PWxGeDEwWGlEWyV3Ow==,RF1ZRVd2NzEyTXNGPGM7RQ==,KSUuQU82ajEzKCh9Q3h5bg==,YVJecGhEdzN+PmxTZiwr,cmBlOGcsaTR6XEhDYVA8
OW8kMGtfMzlkQU4+bUcl,VE9valt2PTYmVDFxRTVS,J2kiZFleajNfPlA+THwy,Qk4vT3FHOjQtMVNqQ3xR,ODsiTV4qVzMhaGVPT1Yx,d0B4SUNxZzEwVHp7U31CXw==,RGptRUEuPTEwMTNoMnB2QA==,Y1EhUH14MTZFJjBgIW1T,ZzAxNEIjUjEzbjI0UForVg==,IUloMy02fDVtMDhsYUJ+
O3ZAflZFQzExXCRPU193fQ==,JTRnSytIVzhueGpSengr,S2hQdXFJTjEyZn0raFx0SQ==,QUF9PVZOUjk8NSJmXyI6,K31sdTt9STEyMH1SOH1lPQ==,fG1OUlBKejExY3gtRGNEcg==,KGB2N0VAfDEweE9Je0JxLQ==,KjVnJkI4eDhfPmxlJU5o,RmUrVmZNUzEwM34hVyhdMw==,aVE/QVp1djEyZjtILiJleA==
O01wKHVPTkZvciBtYXplMDkuanBnSiZVfCxfIQ==,TjtmK0NOTzEwMCQ5W2A+M0A=
ezZJLDA/fjNcVjB5P19W,TkEodjorSjIlR3w5LEho,KkYoIVFfITEwTHl3LEJbLQ==,Jlo8SmZzOzE0IylZZz0wRw==,N21kdlxsMzMnY1hVKnVN,cFJGa3dIeDEwbDt3NnthVQ==,ZEpOSmFqLDEwa0dYZyJZLg==,P0szUjlzVTY3cU1QJ2Eu,Myp1WDJSVDExQXBpekk9Kw==,bnkkaGxoeDZJbWVbTkko
VzVKUWRrbzVRdmMtciMy,Q3ZkVEJ7ajVIJV9TMX1k,I0Z6WHxVLDExJVInRDBRbQ==,NnFcQCJ8JzEwenB6RmlWaQ==,fEpwYFpjSDEyX012PClvWA==,aEZuc1YldzN6bV0rW0Rm,dGchPFVOYTE0Jz9dO0VBWw==,cjY4cTxqbjl8JzZURnQo,fDUtZkppVzEwL1dkaEwiXw==,N2pfdHhkIzRLTDZ5eyFw
XFJifnNkLjVENWUtTDpB,LlFaPHIhczlge3lfLj4h,TkInPU1HbjYkWVcxT0wx,SkJsaDIqLjMnZ2lVUCE+,bWs9fSk3azEwLGE7OzQocg==,L1JyYiFYSDhOT3wiPC9k,PXRrRWYkdjEwWy9CUkwhfA==,Yko2PkJjczEwaTJRdTUiMA==,PHE3TnV+eDEwQTtCWkZcZA==,Y2xrZ3AyKzEyQXpxQHwqeg==
KCEmckItTDVoMXBadDAy,VCJhP19pXTNBcXVpPHpa,XHVpKyxYVDRia2ovLHVP,MSdrbH5sLjlIall7UnUv,aTt9N3p3XjZtQ1BYRDNo,MD8rU1diJTNnbkNtLFBI,b2gkXjk+czJzazpmWihQ,JU94J2d0RDEwbm12el04NA==,XCpFMzpsdTEwNj5fQ0glTg==,dFBGZ0ApfTE0KklFW2wsMA==
YVFoRXN2ITVKXGlsc3Io,X2hYVnE2MDVtQCIudXhS,azR8by02aDVFT3RCKCpO,JXFuIzMmVTNvQ3c3WnJM,Rk9xOWxbKzEycnRzZ2RDSw==,NFVaRSolXDU3Mkgsbz9r,ZnM5PnZsIjEzQWo/QmgyWA==,XzlMa3RrKDNySFt0KVQ0,J0glXTViXzEwVlI0aEViSQ==,eHJALDFCMDY3YkNtajFC
anRZWk42bDVFTH1RLHJD,e1FXK0s+MjUyJ0tsSjF8,LiY8K319JDVPdUFlUTs8,XEB6LigqKDVZcFI1dSpz,Ym50Y1BoLzdhQ2M7ZCdR,Q185N0VJQTFYJzhVP35Z,VkI3RyFTOzYtfGthOls5,e0gzbH4/WDU+QyUqZDB0,bHNFbklabjN2Pmx8emhb,MzBhWDtWXjQsd08iZyhQ
UH4uUmpDJDV6Lj4hIlFW,NEpoMidxLjU/QkVBQytI,biV2TC1cVDEze3pjVzNicQ==,RU5XXTNbJDU7cHhpR15T,PG5jZDJbMDlZV1VTQDg2,UmcmLnhwLTEyVXZcTzlPdA==,eTVTNS9ILzVdb2dcYEsy,YEZDLV0pLjUvLTkqdScs,LzRuU3E6djUiNyJrJV5U,T1ttZHMydDVlZVAzVVQm
clpgeXcxYzUuRU0veW9f,clNsS3tvZTkwQiYmYTVa,VEMqWXU+RDYtLVlGVFE3,RWd+IV4/JDk0U1xvX2Y9,L0dNNiM/OzZVUDIsfi5E,VS07TFpVfDNWc3daYVFO,VUJ9KzxGPjEyOTE3b0c+MA==,Jl5oJj8yRDVSWkNkfTsh,JEA4KSxwPjVlZSVVMXd0,Ti50WTR0WDUzeElqYnoj
I0QmKnZGSTV6cCl8SUFn,ZiQhOlJNPTcqbzMxXE9g,b0F1dyNKezl7UXlAZnJj,UURvNCZtZzYxXV1MUG1S,dEx7MiNtQTVnLyQlJSNV,eCFBeFp0ezkqbEBwLUtS,d05ERkg7QjEwVHJZWnEkKQ==,aklbX34sajEyZSg/LixfMw==,KllFKD5xKTVfdWl9UmlU,Wk9PTW1qRDVQbmo5OVlh
QG5BSyJ0YjkkazFSLXRP,XkcrZnMpazhAQnU5X2lf,OyRuXkRCVDE0U2Q0YE1VcQ==,XD1HTVFnUDlfOl4xJjRi,aGQpSFt0fDg0SFVnfXpU,P3YoKnBhUTEwVCh7IjwmMw==,TisnSiJzXzEwPnc5Ll5vPw==,Rj8vZTQxJDEwdz1UTSNNXA==,PnhVYkExSjEybHBLe0h+ZA==,bEhcN0JkNDEzKVJgNV9ATA==
YytuYnxfe0RhdGUgYW5kIFRpbWUgb2YgZXhlY3V0aW9uSUZ3Wk9qMw==,fUB9NzFpYzI5LTEwLTIwMjAgMTg6Mzg6MzZkPD1lJ21Z
